model,task,condition_a,condition_b,n_paired,statistic,p_value,b,c
Gemma-2-27B-Base,gsm8k,removal,perturb_word_shuffle,500,201.1406844106464,1.1773686825316928e-45,247,16
Gemma-2-27B-Base,gsm8k,removal,perturb_step_reorder,500,355.02493074792244,3.411235264787369e-79,360,1
Gemma-2-27B-Base,gsm8k,removal,swap,500,76.67592592592592,2.014440954548372e-18,8,100
Gemma-2-27B-Base,gsm8k,removal,control_irrelevant,500,0.0,1.0,43,44
Gemma-2-27B-Base,gsm8k,removal,reinject_original,500,361.0027548209366,1.7030908474228274e-80,363,0
Gemma-2-27B-Base,gsm8k,perturb_word_shuffle,perturb_step_reorder,500,122.18939393939394,2.0982112439947344e-28,130,2
Gemma-2-27B-Base,gsm8k,perturb_word_shuffle,swap,500,311.36336336336336,1.1021158010666427e-69,5,328
Gemma-2-27B-Base,gsm8k,perturb_word_shuffle,control_irrelevant,500,199.1082089552239,3.26920975937009e-45,18,250
Gemma-2-27B-Base,gsm8k,perturb_word_shuffle,reinject_original,500,124.35507246376811,7.044053153584214e-29,135,3
Gemma-2-27B-Base,gsm8k,perturb_step_reorder,swap,500,449.0022172949002,1.189217347171055e-99,0,451
Gemma-2-27B-Base,gsm8k,perturb_step_reorder,control_irrelevant,500,356.02486187845307,2.0661984780106666e-79,1,361
Gemma-2-27B-Base,gsm8k,perturb_step_reorder,reinject_original,500,1.125,0.28884436634648486,6,2
Gemma-2-27B-Base,gsm8k,swap,control_irrelevant,500,77.14285714285714,1.5902873970263617e-18,98,7
Gemma-2-27B-Base,gsm8k,swap,reinject_original,500,453.0021978021978,1.602356109073541e-100,455,0
Gemma-2-27B-Base,gsm8k,control_irrelevant,reinject_original,500,356.13243243243244,1.9577090659134586e-79,367,3
Gemma-2-27B-Base,mmlu_stem,removal,perturb_word_shuffle,500,28.089887640449437,1.1580940422832026e-07,70,19
Gemma-2-27B-Base,mmlu_stem,removal,perturb_step_reorder,500,44.083333333333336,3.146890173051438e-11,89,19
Gemma-2-27B-Base,mmlu_stem,removal,swap,500,8.476744186046512,0.0035971532078372583,29,57
Gemma-2-27B-Base,mmlu_stem,removal,control_irrelevant,500,0.390625,0.5319710580974011,29,35
Gemma-2-27B-Base,mmlu_stem,removal,reinject_original,500,53.06603773584906,3.225208977324415e-13,91,15
Gemma-2-27B-Base,mmlu_stem,perturb_word_shuffle,perturb_step_reorder,500,6.113207547169812,0.013417541070915166,36,17
Gemma-2-27B-Base,mmlu_stem,perturb_word_shuffle,swap,500,51.12605042016807,8.66210879320519e-13,20,99
Gemma-2-27B-Base,mmlu_stem,perturb_word_shuffle,control_irrelevant,500,31.04950495049505,2.5153047138776666e-08,22,79
Gemma-2-27B-Base,mmlu_stem,perturb_word_shuffle,reinject_original,500,9.442622950819672,0.0021200008476833184,43,18
Gemma-2-27B-Base,mmlu_stem,perturb_step_reorder,swap,500,74.67460317460318,5.550558286121134e-18,14,112
Gemma-2-27B-Base,mmlu_stem,perturb_step_reorder,control_irrelevant,500,47.66949152542373,5.044815714439909e-12,21,97
Gemma-2-27B-Base,mmlu_stem,perturb_step_reorder,reinject_original,500,1.3888888888888888,0.23859282931643544,12,6
Gemma-2-27B-Base,mmlu_stem,swap,control_irrelevant,500,6.125,0.013328328780817555,47,25
Gemma-2-27B-Base,mmlu_stem,swap,reinject_original,500,82.8828125,8.706493461282966e-20,116,12
Gemma-2-27B-Base,mmlu_stem,control_irrelevant,reinject_original,500,55.601694915254235,8.874708088739119e-14,100,18
Gemma-2-27B-Instruct,gsm8k,removal,perturb_word_shuffle,500,0.0,1.0,16,15
Gemma-2-27B-Instruct,gsm8k,removal,perturb_step_reorder,500,0.36764705882352944,0.5442896244294021,37,31
Gemma-2-27B-Instruct,gsm8k,removal,swap,500,0.9615384615384616,0.326799567668966,10,16
Gemma-2-27B-Instruct,gsm8k,removal,control_irrelevant,500,1.9393939393939394,0.1637343543245921,12,21
Gemma-2-27B-Instruct,gsm8k,removal,reinject_original,500,8.166666666666666,0.004266724822176129,38,16
Gemma-2-27B-Instruct,gsm8k,perturb_word_shuffle,perturb_step_reorder,500,0.2909090909090909,0.5896385516265671,30,25
Gemma-2-27B-Instruct,gsm8k,perturb_word_shuffle,swap,500,1.0285714285714285,0.31049443431723495,14,21
Gemma-2-27B-Instruct,gsm8k,perturb_word_shuffle,control_irrelevant,500,2.025,0.1547289234853785,15,25
Gemma-2-27B-Instruct,gsm8k,perturb_word_shuffle,reinject_original,500,8.16326530612245,0.0042747339601725606,35,14
Gemma-2-27B-Instruct,gsm8k,perturb_step_reorder,swap,500,1.7794117647058822,0.1822215749333311,28,40
Gemma-2-27B-Instruct,gsm8k,perturb_step_reorder,control_irrelevant,500,2.8405797101449277,0.09191104899535978,27,42
Gemma-2-27B-Instruct,gsm8k,perturb_step_reorder,reinject_original,500,6.25,0.012419330651552266,26,10
Gemma-2-27B-Instruct,gsm8k,swap,control_irrelevant,500,0.14814814814814814,0.7003113729368903,12,15
Gemma-2-27B-Instruct,gsm8k,swap,reinject_original,500,13.5,0.0002385634540287098,41,13
Gemma-2-27B-Instruct,gsm8k,control_irrelevant,reinject_original,500,15.254237288135593,9.396570967464713e-05,45,14
Gemma-2-27B-Instruct,mmlu_stem,removal,perturb_word_shuffle,500,0.140625,0.7076604666545524,30,34
Gemma-2-27B-Instruct,mmlu_stem,removal,perturb_step_reorder,500,3.640449438202247,0.05639170948707067,35,54
Gemma-2-27B-Instruct,mmlu_stem,removal,swap,500,0.0,1.0,27,26
Gemma-2-27B-Instruct,mmlu_stem,removal,control_irrelevant,500,2.0416666666666665,0.15304188415882006,8,16
Gemma-2-27B-Instruct,mmlu_stem,removal,reinject_original,500,0.211864406779661,0.6453100093457217,56,62
Gemma-2-27B-Instruct,mmlu_stem,perturb_word_shuffle,perturb_step_reorder,500,2.10752688172043,0.14657603430900074,39,54
Gemma-2-27B-Instruct,mmlu_stem,perturb_word_shuffle,swap,500,0.24615384615384617,0.619796388494133,35,30
Gemma-2-27B-Instruct,mmlu_stem,perturb_word_shuffle,control_irrelevant,500,0.16071428571428573,0.6884997410966343,26,30
Gemma-2-27B-Instruct,mmlu_stem,perturb_word_shuffle,reinject_original,500,0.008928571428571428,0.9247190374867695,55,57
Gemma-2-27B-Instruct,mmlu_stem,perturb_step_reorder,swap,500,4.2976190476190474,0.03816576945883003,52,32
Gemma-2-27B-Instruct,mmlu_stem,perturb_step_reorder,control_irrelevant,500,1.1235955056179776,0.2891455637972511,50,39
Gemma-2-27B-Instruct,mmlu_stem,perturb_step_reorder,reinject_original,500,1.4257425742574257,0.23246051122082698,57,44
Gemma-2-27B-Instruct,mmlu_stem,swap,control_irrelevant,500,1.3617021276595744,0.24324270574265683,19,28
Gemma-2-27B-Instruct,mmlu_stem,swap,reinject_original,500,0.3130434782608696,0.575818562877981,54,61
Gemma-2-27B-Instruct,mmlu_stem,control_irrelevant,reinject_original,500,0.00819672131147541,0.9278614893440519,62,60
Gemma-7B-Base,gsm8k,removal,perturb_word_shuffle,500,192.9877049180328,7.08281077628513e-44,231,13
Gemma-7B-Base,gsm8k,removal,perturb_step_reorder,500,390.40625,6.752059506543579e-87,410,6
Gemma-7B-Base,gsm8k,removal,swap,500,42.48076923076923,7.138060540993875e-11,2,50
Gemma-7B-Base,gsm8k,removal,control_irrelevant,500,94.33128834355828,2.6689800428218977e-22,144,19
Gemma-7B-Base,gsm8k,removal,reinject_original,500,409.1896955503513,5.501857753360915e-91,423,4
Gemma-7B-Base,gsm8k,perturb_word_shuffle,perturb_step_reorder,500,166.14077669902912,5.15364942552352e-38,196,10
Gemma-7B-Base,gsm8k,perturb_word_shuffle,swap,500,260.0925925925926,1.6380727316948242e-58,2,268
Gemma-7B-Base,gsm8k,perturb_word_shuffle,control_irrelevant,500,37.286343612334804,1.019963469101917e-09,67,160
Gemma-7B-Base,gsm8k,perturb_word_shuffle,reinject_original,500,189.5734597156398,3.939454679150348e-43,206,5
Gemma-7B-Base,gsm8k,perturb_step_reorder,swap,500,450.00221238938053,7.205001974587707e-100,0,452
Gemma-7B-Base,gsm8k,perturb_step_reorder,control_irrelevant,500,255.06270627062707,2.0453485231891874e-57,12,291
Gemma-7B-Base,gsm8k,perturb_step_reorder,reinject_original,500,7.2592592592592595,0.0070536378880685854,21,6
Gemma-7B-Base,gsm8k,swap,control_irrelevant,500,169.05142857142857,1.1921949146470913e-38,174,1
Gemma-7B-Base,gsm8k,swap,reinject_original,500,465.0021413276231,3.9205912441530233e-103,467,0
Gemma-7B-Base,gsm8k,control_irrelevant,reinject_original,500,276.93225806451613,3.5004445020524807e-62,302,8
Gemma-7B-Base,mmlu_stem,removal,perturb_word_shuffle,500,21.9453125,2.8053126041729307e-06,91,37
Gemma-7B-Base,mmlu_stem,removal,perturb_step_reorder,500,70.7202380952381,4.116479007341776e-17,139,29
Gemma-7B-Base,mmlu_stem,removal,swap,500,22.24264705882353,2.4027714819917946e-06,40,96
Gemma-7B-Base,mmlu_stem,removal,control_irrelevant,500,17.781512605042018,2.4777918755991804e-05,36,83
Gemma-7B-Base,mmlu_stem,removal,reinject_original,500,84.05,4.8241840380357856e-20,152,28
Gemma-7B-Base,mmlu_stem,perturb_word_shuffle,perturb_step_reorder,500,28.537735849056602,9.189001734839272e-08,81,25
Gemma-7B-Base,mmlu_stem,perturb_word_shuffle,swap,500,68.2816091954023,1.4173672839699003e-16,32,142
Gemma-7B-Base,mmlu_stem,perturb_word_shuffle,control_irrelevant,500,62.11180124223603,3.2450090900297365e-15,30,131
Gemma-7B-Base,mmlu_stem,perturb_word_shuffle,reinject_original,500,44.083333333333336,3.146890173051438e-11,89,19
Gemma-7B-Base,mmlu_stem,perturb_step_reorder,swap,500,122.63513513513513,1.676021008864178e-28,28,194
Gemma-7B-Base,mmlu_stem,perturb_step_reorder,control_irrelevant,500,112.14746543778801,3.316980003570956e-26,30,187
Gemma-7B-Base,mmlu_stem,perturb_step_reorder,reinject_original,500,4.225,0.03983261924474148,27,13
Gemma-7B-Base,mmlu_stem,swap,control_irrelevant,500,0.6881720430107527,0.4067868333984651,51,42
Gemma-7B-Base,mmlu_stem,swap,reinject_original,500,143.04017857142858,5.7603127985994905e-33,202,22
Gemma-7B-Base,mmlu_stem,control_irrelevant,reinject_original,500,129.59641255605382,5.02170653228705e-30,197,26
Gemma-7B-Instruct,gsm8k,removal,perturb_word_shuffle,500,32.32692307692308,1.3029544616583635e-08,47,5
Gemma-7B-Instruct,gsm8k,removal,perturb_step_reorder,500,128.06716417910448,1.0850817079675487e-29,133,1
Gemma-7B-Instruct,gsm8k,removal,swap,500,110.39516129032258,8.028080168260717e-26,121,3
Gemma-7B-Instruct,gsm8k,removal,control_irrelevant,500,148.4879518072289,3.7108064711785037e-34,162,4
Gemma-7B-Instruct,gsm8k,removal,reinject_original,500,64.98780487804878,7.536302858497677e-16,78,4
Gemma-7B-Instruct,gsm8k,perturb_word_shuffle,perturb_step_reorder,500,55.00694444444444,1.2010471663734824e-13,117,27
Gemma-7B-Instruct,gsm8k,perturb_word_shuffle,swap,500,50.223214285714285,1.3721493486188206e-12,94,18
Gemma-7B-Instruct,gsm8k,perturb_word_shuffle,control_irrelevant,500,98.69402985074628,2.9468918056037855e-23,125,9
Gemma-7B-Instruct,gsm8k,perturb_word_shuffle,reinject_original,500,9.066037735849056,0.0026040070986104273,69,37
Gemma-7B-Instruct,gsm8k,perturb_step_reorder,swap,500,0.9941176470588236,0.31873806376587865,78,92
Gemma-7B-Instruct,gsm8k,perturb_step_reorder,control_irrelevant,500,3.2216494845360826,0.07267036753477313,110,84
Gemma-7B-Instruct,gsm8k,perturb_step_reorder,reinject_original,500,23.889705882352942,1.0201582063743104e-06,39,97
Gemma-7B-Instruct,gsm8k,swap,control_irrelevant,500,12.675,0.00037057721471458696,80,40
Gemma-7B-Instruct,gsm8k,swap,reinject_original,500,13.398550724637682,0.0002518187915030057,47,91
Gemma-7B-Instruct,gsm8k,control_irrelevant,reinject_original,500,38.70224719101124,4.936404049590104e-10,47,131
Gemma-7B-Instruct,mmlu_stem,removal,perturb_word_shuffle,500,3.2131147540983607,0.07305029748636327,38,23
Gemma-7B-Instruct,mmlu_stem,removal,perturb_step_reorder,500,5.960264900662252,0.014631842583603295,91,60
Gemma-7B-Instruct,mmlu_stem,removal,swap,500,2.020618556701031,0.15517591839325415,56,41
Gemma-7B-Instruct,mmlu_stem,removal,control_irrelevant,500,19.384615384615383,1.0686448663695677e-05,67,24
Gemma-7B-Instruct,mmlu_stem,removal,reinject_original,500,5.408,0.020044668622627458,76,49
Gemma-7B-Instruct,mmlu_stem,perturb_word_shuffle,perturb_step_reorder,500,1.7045454545454546,0.191694602051888,74,58
Gemma-7B-Instruct,mmlu_stem,perturb_word_shuffle,swap,500,0.011627906976744186,0.9141283452014198,43,43
Gemma-7B-Instruct,mmlu_stem,perturb_word_shuffle,control_irrelevant,500,8.1,0.004426525857919833,59,31
Gemma-7B-Instruct,mmlu_stem,perturb_word_shuffle,reinject_original,500,1.0803571428571428,0.29861767444881016,62,50
Gemma-7B-Instruct,mmlu_stem,perturb_step_reorder,swap,500,1.480263157894737,0.22373335334961325,68,84
Gemma-7B-Instruct,mmlu_stem,perturb_step_reorder,control_irrelevant,500,0.852112676056338,0.3559553582416324,77,65
Gemma-7B-Instruct,mmlu_stem,perturb_step_reorder,reinject_original,500,0.075,0.7841912294016191,58,62
Gemma-7B-Instruct,mmlu_stem,swap,control_irrelevant,500,6.508928571428571,0.010733416102997193,70,42
Gemma-7B-Instruct,mmlu_stem,swap,reinject_original,500,1.0254237288135593,0.3112359310223541,65,53
Gemma-7B-Instruct,mmlu_stem,control_irrelevant,reinject_original,500,1.7307692307692308,0.18831268948891652,57,73
Llama-3.1-70B-Base,gsm8k,removal,perturb_word_shuffle,500,173.44237918215615,1.3102660338476558e-39,243,26
Llama-3.1-70B-Base,gsm8k,removal,perturb_step_reorder,500,320.0276073619632,1.4285247204715268e-71,325,1
Llama-3.1-70B-Base,gsm8k,removal,swap,500,142.16447368421052,8.951964887604747e-33,2,150
Llama-3.1-70B-Base,gsm8k,removal,control_irrelevant,500,10.445652173913043,0.0012293849189448588,30,62
Llama-3.1-70B-Base,gsm8k,removal,reinject_original,500,334.0029761904762,1.2910690321850173e-74,336,0
Llama-3.1-70B-Base,gsm8k,perturb_word_shuffle,perturb_step_reorder,500,92.85950413223141,5.614157056163668e-22,114,7
Llama-3.1-70B-Base,gsm8k,perturb_word_shuffle,swap,500,361.02452316076295,1.684604118527402e-80,1,366
Llama-3.1-70B-Base,gsm8k,perturb_word_shuffle,control_irrelevant,500,207.0841750841751,5.943426382613652e-47,24,273
Llama-3.1-70B-Base,gsm8k,perturb_word_shuffle,reinject_original,500,113.20325203252033,1.947518530339763e-26,121,2
Llama-3.1-70B-Base,gsm8k,perturb_step_reorder,swap,500,470.0021186440678,3.2011622459220026e-104,0,472
Llama-3.1-70B-Base,gsm8k,perturb_step_reorder,control_irrelevant,500,352.02513966480444,1.5351129523309935e-78,1,357
Llama-3.1-70B-Base,gsm8k,perturb_step_reorder,reinject_original,500,8.642857142857142,0.003283460986069042,13,1
Llama-3.1-70B-Base,gsm8k,swap,control_irrelevant,500,110.20833333333333,8.821497035746955e-26,118,2
Llama-3.1-70B-Base,gsm8k,swap,reinject_original,500,482.00206611570246,7.836108229979887e-107,484,0
Llama-3.1-70B-Base,gsm8k,control_irrelevant,reinject_original,500,366.0027173913044,1.3884781634365477e-81,368,0
Llama-3.1-70B-Base,mmlu_stem,removal,perturb_word_shuffle,500,28.9,7.621291296382964e-08,71,19
Llama-3.1-70B-Base,mmlu_stem,removal,perturb_step_reorder,500,77.28030303030303,1.4833802534069502e-18,117,15
Llama-3.1-70B-Base,mmlu_stem,removal,swap,500,5.877777777777778,0.015333162113602826,33,57
Llama-3.1-70B-Base,mmlu_stem,removal,control_irrelevant,500,0.46296296296296297,0.49624247444426295,24,30
Llama-3.1-70B-Base,mmlu_stem,removal,reinject_original,500,73.31297709923665,1.1063809311120672e-17,115,16
Llama-3.1-70B-Base,mmlu_stem,perturb_word_shuffle,perturb_step_reorder,500,37.515625,9.068360653390543e-10,57,7
Llama-3.1-70B-Base,mmlu_stem,perturb_word_shuffle,swap,500,43.26923076923077,4.7702619838691335e-11,27,103
Llama-3.1-70B-Base,mmlu_stem,perturb_word_shuffle,control_irrelevant,500,31.240384615384617,2.279738486494483e-08,23,81
Llama-3.1-70B-Base,mmlu_stem,perturb_word_shuffle,reinject_original,500,31.582089552238806,1.911847924385673e-08,57,10
Llama-3.1-70B-Base,mmlu_stem,perturb_step_reorder,swap,500,101.46103896103897,7.288295976278294e-24,14,140
Llama-3.1-70B-Base,mmlu_stem,perturb_step_reorder,control_irrelevant,500,82.96376811594203,8.357123582198972e-20,15,123
Llama-3.1-70B-Base,mmlu_stem,perturb_step_reorder,reinject_original,500,0.19047619047619047,0.6625205835400575,9,12
Llama-3.1-70B-Base,mmlu_stem,swap,control_irrelevant,500,4.013888888888889,0.04512694888867613,45,27
Llama-3.1-70B-Base,mmlu_stem,swap,reinject_original,500,94.80254777070064,2.1035473029404886e-22,140,17
Llama-3.1-70B-Base,mmlu_stem,control_irrelevant,reinject_original,500,76.70921985815603,1.9807647571815653e-18,123,18
Llama-3.1-70B-Instruct,gsm8k,removal,perturb_word_shuffle,500,1.2784090909090908,0.2581950475839451,80,96
Llama-3.1-70B-Instruct,gsm8k,removal,perturb_step_reorder,500,10.963730569948186,0.000929125744973309,120,73
Llama-3.1-70B-Instruct,gsm8k,removal,swap,500,0.0,1.0,67,68
Llama-3.1-70B-Instruct,gsm8k,removal,control_irrelevant,500,0.00847457627118644,0.9266523854568796,58,60
Llama-3.1-70B-Instruct,gsm8k,removal,reinject_original,500,31.876344086021504,1.643060375705934e-08,132,54
Llama-3.1-70B-Instruct,gsm8k,perturb_word_shuffle,perturb_step_reorder,500,21.005464480874316,4.579752864672793e-06,123,60
Llama-3.1-70B-Instruct,gsm8k,perturb_word_shuffle,swap,500,1.1329479768786128,0.28714740257408156,94,79
Llama-3.1-70B-Instruct,gsm8k,perturb_word_shuffle,control_irrelevant,500,1.0974025974025974,0.29483683301991437,84,70
Llama-3.1-70B-Instruct,gsm8k,perturb_word_shuffle,reinject_original,500,46.005319148936174,1.1793235393742475e-11,141,47
Llama-3.1-70B-Instruct,gsm8k,perturb_step_reorder,swap,500,12.137362637362637,0.0004942161757447732,67,115
Llama-3.1-70B-Instruct,gsm8k,perturb_step_reorder,control_irrelevant,500,13.31791907514451,0.00026288175626595195,62,111
Llama-3.1-70B-Instruct,gsm8k,perturb_step_reorder,reinject_original,500,8.910891089108912,0.0028347490802593913,66,35
Llama-3.1-70B-Instruct,gsm8k,swap,control_irrelevant,500,0.0,1.0,63,64
Llama-3.1-70B-Instruct,gsm8k,swap,reinject_original,500,38.264150943396224,6.178737791649346e-10,119,40
Llama-3.1-70B-Instruct,gsm8k,control_irrelevant,reinject_original,500,38.05487804878049,6.878253119565494e-10,122,42
Llama-3.1-70B-Instruct,mmlu_stem,removal,perturb_word_shuffle,500,0.016666666666666666,0.897278961260083,30,30
Llama-3.1-70B-Instruct,mmlu_stem,removal,perturb_step_reorder,500,40.625,1.8443184305858213e-10,85,19
Llama-3.1-70B-Instruct,mmlu_stem,removal,swap,500,1.0847457627118644,0.29763831714664335,25,34
Llama-3.1-70B-Instruct,mmlu_stem,removal,control_irrelevant,500,1.1136363636363635,0.2912928476178128,18,26
Llama-3.1-70B-Instruct,mmlu_stem,removal,reinject_original,500,65.68181818181819,5.299249444913211e-16,98,12
Llama-3.1-70B-Instruct,mmlu_stem,perturb_word_shuffle,perturb_step_reorder,500,51.52439024390244,7.071311815297118e-13,74,8
Llama-3.1-70B-Instruct,mmlu_stem,perturb_word_shuffle,swap,500,0.7710843373493976,0.37988181279906974,37,46
Llama-3.1-70B-Instruct,mmlu_stem,perturb_word_shuffle,control_irrelevant,500,0.9074074074074074,0.34080324688608465,23,31
Llama-3.1-70B-Instruct,mmlu_stem,perturb_word_shuffle,reinject_original,500,73.72448979591837,8.981758896467203e-18,92,6
Llama-3.1-70B-Instruct,mmlu_stem,perturb_step_reorder,swap,500,46.8034188034188,7.847638703137218e-12,21,96
Llama-3.1-70B-Instruct,mmlu_stem,perturb_step_reorder,control_irrelevant,500,48.445454545454545,3.396045681823803e-12,18,92
Llama-3.1-70B-Instruct,mmlu_stem,perturb_step_reorder,reinject_original,500,10.027777777777779,0.001541969568939951,28,8
Llama-3.1-70B-Instruct,mmlu_stem,swap,control_irrelevant,500,0.0,1.0,29,28
Llama-3.1-70B-Instruct,mmlu_stem,swap,reinject_original,500,70.688,4.184298969701855e-17,110,15
Llama-3.1-70B-Instruct,mmlu_stem,control_irrelevant,reinject_original,500,74.5603448275862,5.881277782203857e-18,105,11
Llama-3.1-8B-Base,gsm8k,removal,perturb_word_shuffle,500,235.07835820895522,4.654667313595716e-53,260,8
Llama-3.1-8B-Base,gsm8k,removal,perturb_step_reorder,500,426.0208333333333,1.1938852585284227e-94,431,1
Llama-3.1-8B-Base,gsm8k,removal,swap,500,40.25157232704402,2.2327557347154346e-10,120,39
Llama-3.1-8B-Base,gsm8k,removal,control_irrelevant,500,68.37121212121212,1.3544045175429455e-16,114,18
Llama-3.1-8B-Base,gsm8k,removal,reinject_original,500,435.00228832951944,1.3248138910237616e-96,437,0
Llama-3.1-8B-Base,gsm8k,perturb_word_shuffle,perturb_step_reorder,500,170.2663043478261,6.471474170607777e-39,181,3
Llama-3.1-8B-Base,gsm8k,perturb_word_shuffle,swap,500,112.45136186770428,2.8456074001234286e-26,43,214
Llama-3.1-8B-Base,gsm8k,perturb_word_shuffle,control_irrelevant,500,96.1,1.0922480022665149e-22,47,203
Llama-3.1-8B-Base,gsm8k,perturb_word_shuffle,reinject_original,500,183.0054054054054,1.0696647723168782e-41,185,0
Llama-3.1-8B-Base,gsm8k,perturb_step_reorder,swap,500,343.07082152974505,1.368072192789872e-76,2,351
Llama-3.1-8B-Base,gsm8k,perturb_step_reorder,control_irrelevant,500,326.1441176470588,6.646889208132825e-73,3,337
Llama-3.1-8B-Base,gsm8k,perturb_step_reorder,reinject_original,500,4.0,0.045500263896358396,8,1
Llama-3.1-8B-Base,gsm8k,swap,control_irrelevant,500,1.3706293706293706,0.24170377856634306,79,64
Llama-3.1-8B-Base,gsm8k,swap,reinject_original,500,352.02513966480444,1.5351129523309935e-78,357,1
Llama-3.1-8B-Base,gsm8k,control_irrelevant,reinject_original,500,337.02623906705537,2.834725934671728e-75,342,1
Llama-3.1-8B-Base,mmlu_stem,removal,perturb_word_shuffle,500,36.8421052631579,1.2809373715896379e-09,102,31
Llama-3.1-8B-Base,mmlu_stem,removal,perturb_step_reorder,500,96.02139037433155,1.1364891671622257e-22,161,26
Llama-3.1-8B-Base,mmlu_stem,removal,swap,500,7.91919191919192,0.004891311452359335,35,64
Llama-3.1-8B-Base,mmlu_stem,removal,control_irrelevant,500,1.2658227848101267,0.2605517878085873,34,45
Llama-3.1-8B-Base,mmlu_stem,removal,reinject_original,500,119.04761904761905,1.022452697194303e-27,170,19
Llama-3.1-8B-Base,mmlu_stem,perturb_word_shuffle,perturb_step_reorder,500,41.34375,1.2767903736292854e-10,80,16
Llama-3.1-8B-Base,mmlu_stem,perturb_word_shuffle,swap,500,69.02112676056338,9.741429937523459e-17,21,121
Llama-3.1-8B-Base,mmlu_stem,perturb_word_shuffle,control_irrelevant,500,52.91129032258065,3.489579064913565e-13,21,103
Llama-3.1-8B-Base,mmlu_stem,perturb_word_shuffle,reinject_original,500,58.87735849056604,1.6781215858080128e-14,93,13
Llama-3.1-8B-Base,mmlu_stem,perturb_step_reorder,swap,500,130.24019607843138,3.630742456199671e-30,20,184
Llama-3.1-8B-Base,mmlu_stem,perturb_step_reorder,control_irrelevant,500,115.52197802197803,6.048499215504988e-27,18,164
Llama-3.1-8B-Base,mmlu_stem,perturb_step_reorder,reinject_original,500,5.921052631578948,0.014961017675175686,27,11
Llama-3.1-8B-Base,mmlu_stem,swap,control_irrelevant,500,4.013888888888889,0.04512694888867613,45,27
Llama-3.1-8B-Base,mmlu_stem,swap,reinject_original,500,152.57619047619048,4.741291623440789e-35,195,15
Llama-3.1-8B-Base,mmlu_stem,control_irrelevant,reinject_original,500,142.42307692307693,7.859123446220369e-33,172,10
Llama-3.1-8B-Instruct,gsm8k,removal,perturb_word_shuffle,500,3.15,0.07592696298255767,59,81
Llama-3.1-8B-Instruct,gsm8k,removal,perturb_step_reorder,500,0.19889502762430938,0.6556142300247397,87,94
Llama-3.1-8B-Instruct,gsm8k,removal,swap,500,1.9541984732824427,0.1621351427341109,57,74
Llama-3.1-8B-Instruct,gsm8k,removal,control_irrelevant,500,0.4016393442622951,0.5262438434591222,57,65
Llama-3.1-8B-Instruct,gsm8k,removal,reinject_original,500,3.5048076923076925,0.0611909494025731,118,90
Llama-3.1-8B-Instruct,gsm8k,perturb_word_shuffle,perturb_step_reorder,500,1.0481283422459893,0.3059385405388809,101,86
Llama-3.1-8B-Instruct,gsm8k,perturb_word_shuffle,swap,500,0.13675213675213677,0.711531417761122,61,56
Llama-3.1-8B-Instruct,gsm8k,perturb_word_shuffle,control_irrelevant,500,1.5648148148148149,0.21096162903585997,61,47
Llama-3.1-8B-Instruct,gsm8k,perturb_word_shuffle,reinject_original,500,12.25,0.0004652581580710501,123,73
Llama-3.1-8B-Instruct,gsm8k,perturb_step_reorder,swap,500,0.4550561797752809,0.49994358369975467,84,94
Llama-3.1-8B-Instruct,gsm8k,perturb_step_reorder,control_irrelevant,500,0.0,1.0,85,86
Llama-3.1-8B-Instruct,gsm8k,perturb_step_reorder,reinject_original,500,9.553719008264462,0.001995447172575822,78,43
Llama-3.1-8B-Instruct,gsm8k,swap,control_irrelevant,500,0.6213592233009708,0.4305426381747609,56,47
Llama-3.1-8B-Instruct,gsm8k,swap,reinject_original,500,9.82741116751269,0.0017193016746180772,121,76
Llama-3.1-8B-Instruct,gsm8k,control_irrelevant,reinject_original,500,5.889423076923077,0.015232089753898103,122,86
Llama-3.1-8B-Instruct,mmlu_stem,removal,perturb_word_shuffle,500,2.3472222222222223,0.12550647143746915,43,29
Llama-3.1-8B-Instruct,mmlu_stem,removal,perturb_step_reorder,500,41.80152671755725,1.0102450410793283e-10,103,28
Llama-3.1-8B-Instruct,mmlu_stem,removal,swap,500,10.414414414414415,0.0012503549718007002,38,73
Llama-3.1-8B-Instruct,mmlu_stem,removal,control_irrelevant,500,0.5538461538461539,0.4567504024231692,29,36
Llama-3.1-8B-Instruct,mmlu_stem,removal,reinject_original,500,77.98101265822785,1.040358033613241e-18,135,23
Llama-3.1-8B-Instruct,mmlu_stem,perturb_word_shuffle,perturb_step_reorder,500,32.432432432432435,1.2340954631362596e-08,86,25
Llama-3.1-8B-Instruct,mmlu_stem,perturb_word_shuffle,swap,500,21.137614678899084,4.274548949438734e-06,30,79
Llama-3.1-8B-Instruct,mmlu_stem,perturb_word_shuffle,control_irrelevant,500,6.349206349206349,0.011743382301172587,21,42
Llama-3.1-8B-Instruct,mmlu_stem,perturb_word_shuffle,reinject_original,500,67.20714285714286,2.4442693481461075e-16,119,21
Llama-3.1-8B-Instruct,mmlu_stem,perturb_step_reorder,swap,500,70.7202380952381,4.116479007341776e-17,29,139
Llama-3.1-8B-Instruct,mmlu_stem,perturb_step_reorder,control_irrelevant,500,49.70454545454545,1.787313578665789e-12,25,107
Llama-3.1-8B-Instruct,mmlu_stem,perturb_step_reorder,reinject_original,500,19.34328358208955,1.0920266601102626e-05,52,15
Llama-3.1-8B-Instruct,mmlu_stem,swap,control_irrelevant,500,8.284090909090908,0.003999392249375005,58,30
Llama-3.1-8B-Instruct,mmlu_stem,swap,reinject_original,500,107.11557788944724,4.199500456851563e-25,173,26
Llama-3.1-8B-Instruct,mmlu_stem,control_irrelevant,reinject_original,500,86.48447204968944,1.4083881251158188e-20,140,21
Qwen2.5-32B-Base,gsm8k,removal,perturb_word_shuffle,500,2.25,0.13361440253771617,42,58
Qwen2.5-32B-Base,gsm8k,removal,perturb_step_reorder,500,50.160714285714285,1.4165556723752643e-12,55,1
Qwen2.5-32B-Base,gsm8k,removal,swap,500,312.5,6.231942781979911e-70,6,332
Qwen2.5-32B-Base,gsm8k,removal,control_irrelevant,500,221.32342007434943,4.652814868159345e-50,12,257
Qwen2.5-32B-Base,gsm8k,removal,reinject_original,500,53.018181818181816,3.304751303805306e-13,55,0
Qwen2.5-32B-Base,gsm8k,perturb_word_shuffle,perturb_step_reorder,500,66.125,4.2321366174257373e-16,71,1
Qwen2.5-32B-Base,gsm8k,perturb_word_shuffle,swap,500,298.378125,7.432355053125665e-67,5,315
Qwen2.5-32B-Base,gsm8k,perturb_word_shuffle,control_irrelevant,500,197.65779467680608,6.775919519236855e-45,17,246
Qwen2.5-32B-Base,gsm8k,perturb_word_shuffle,reinject_original,500,69.01408450704226,9.776276453874793e-17,71,0
Qwen2.5-32B-Base,gsm8k,perturb_step_reorder,swap,500,378.0026315789474,3.3870586123219177e-84,0,380
Qwen2.5-32B-Base,gsm8k,perturb_step_reorder,control_irrelevant,500,291.16065573770493,2.7775484806625816e-65,3,302
Qwen2.5-32B-Base,gsm8k,perturb_step_reorder,reinject_original,500,0.0,1.0,2,1
Qwen2.5-32B-Base,gsm8k,swap,control_irrelevant,500,46.0431654676259,1.1567598599643075e-11,110,29
Qwen2.5-32B-Base,gsm8k,swap,reinject_original,500,379.002624671916,2.0516641318506054e-84,381,0
Qwen2.5-32B-Base,gsm8k,control_irrelevant,reinject_original,500,294.08223684210526,6.413496931461238e-66,302,2
Qwen2.5-32B-Base,mmlu_stem,removal,perturb_word_shuffle,500,37.3134328358209,1.0058936489518226e-09,59,8
Qwen2.5-32B-Base,mmlu_stem,removal,perturb_step_reorder,500,63.683673469387756,1.4609033263152267e-15,89,9
Qwen2.5-32B-Base,mmlu_stem,removal,swap,500,52.91129032258065,3.489579064913565e-13,21,103
Qwen2.5-32B-Base,mmlu_stem,removal,control_irrelevant,500,26.297619047619047,2.9264923687908557e-07,18,66
Qwen2.5-32B-Base,mmlu_stem,removal,reinject_original,500,70.77894736842106,3.995783256630011e-17,89,6
Qwen2.5-32B-Base,mmlu_stem,perturb_word_shuffle,perturb_step_reorder,500,19.121951219512194,1.2262637158328225e-05,35,6
Qwen2.5-32B-Base,mmlu_stem,perturb_word_shuffle,swap,500,116.93959731543625,2.959448253048317e-27,8,141
Qwen2.5-32B-Base,mmlu_stem,perturb_word_shuffle,control_irrelevant,500,82.08547008547009,1.3032718584945166e-19,9,108
Qwen2.5-32B-Base,mmlu_stem,perturb_word_shuffle,reinject_original,500,22.88095238095238,1.7235135468062262e-06,37,5
Qwen2.5-32B-Base,mmlu_stem,perturb_step_reorder,swap,500,152.4764705882353,4.9852935018523e-35,4,166
Qwen2.5-32B-Base,mmlu_stem,perturb_step_reorder,control_irrelevant,500,116.8768115942029,3.054634139410815e-27,5,133
Qwen2.5-32B-Base,mmlu_stem,perturb_step_reorder,reinject_original,500,0.36363636363636365,0.546493595406582,7,4
Qwen2.5-32B-Base,mmlu_stem,swap,control_irrelevant,500,9.723214285714286,0.0018195501959980724,73,39
Qwen2.5-32B-Base,mmlu_stem,swap,reinject_original,500,159.14792899408283,1.7370751327822244e-36,167,2
Qwen2.5-32B-Base,mmlu_stem,control_irrelevant,reinject_original,500,123.35766423357664,1.164470772582121e-28,134,3
Qwen2.5-32B-Instruct,gsm8k,removal,perturb_word_shuffle,500,0.11510791366906475,0.7344021432940631,72,67
Qwen2.5-32B-Instruct,gsm8k,removal,perturb_step_reorder,500,11.376404494382022,0.0007438296004166835,112,66
Qwen2.5-32B-Instruct,gsm8k,removal,swap,500,3.734806629834254,0.05328983462687468,104,77
Qwen2.5-32B-Instruct,gsm8k,removal,control_irrelevant,500,0.05625,0.8125242693153686,82,78
Qwen2.5-32B-Instruct,gsm8k,removal,reinject_original,500,102.14778325123153,5.153045896528231e-24,174,29
Qwen2.5-32B-Instruct,gsm8k,perturb_word_shuffle,perturb_step_reorder,500,10.062893081761006,0.001512854738955102,100,59
Qwen2.5-32B-Instruct,gsm8k,perturb_word_shuffle,swap,500,2.901315789473684,0.08850727919818753,87,65
Qwen2.5-32B-Instruct,gsm8k,perturb_word_shuffle,control_irrelevant,500,0.0,1.0,62,63
Qwen2.5-32B-Instruct,gsm8k,perturb_word_shuffle,reinject_original,500,97.58080808080808,5.1702631035995995e-23,169,29
Qwen2.5-32B-Instruct,gsm8k,perturb_step_reorder,swap,500,2.0903225806451613,0.14823476729013604,68,87
Qwen2.5-32B-Instruct,gsm8k,perturb_step_reorder,control_irrelevant,500,10.915584415584416,0.000953586284517571,56,98
Qwen2.5-32B-Instruct,gsm8k,perturb_step_reorder,reinject_original,500,64.45637583892618,9.869346993431118e-16,124,25
Qwen2.5-32B-Instruct,gsm8k,swap,control_irrelevant,500,4.36036036036036,0.03678452322577579,44,67
Qwen2.5-32B-Instruct,gsm8k,swap,reinject_original,500,78.67241379310344,7.3312200921125215e-19,146,28
Qwen2.5-32B-Instruct,gsm8k,control_irrelevant,reinject_original,500,101.55440414507773,6.952740727950575e-24,167,26
Qwen2.5-32B-Instruct,mmlu_stem,removal,perturb_word_shuffle,500,5.653846153846154,0.01741713028689997,50,28
Qwen2.5-32B-Instruct,mmlu_stem,removal,perturb_step_reorder,500,65.25,6.597419016811698e-16,102,14
Qwen2.5-32B-Instruct,mmlu_stem,removal,swap,500,129.605,5.0000277520876846e-30,19,181
Qwen2.5-32B-Instruct,mmlu_stem,removal,control_irrelevant,500,3.574324324324324,0.05867931607022509,62,86
Qwen2.5-32B-Instruct,mmlu_stem,removal,reinject_original,500,65.34,6.302894599573744e-16,125,25
Qwen2.5-32B-Instruct,mmlu_stem,perturb_word_shuffle,perturb_step_reorder,500,48.01136363636363,4.237560695350297e-12,77,11
Qwen2.5-32B-Instruct,mmlu_stem,perturb_word_shuffle,swap,500,152.22272727272727,5.664315815878882e-35,18,202
Qwen2.5-32B-Instruct,mmlu_stem,perturb_word_shuffle,control_irrelevant,500,13.5,0.0002385634540287098,52,98
Qwen2.5-32B-Instruct,mmlu_stem,perturb_word_shuffle,reinject_original,500,47.05555555555556,6.900279103364629e-12,102,24
Qwen2.5-32B-Instruct,mmlu_stem,perturb_step_reorder,swap,500,233.08646616541353,1.2654787073784957e-52,8,258
Qwen2.5-32B-Instruct,mmlu_stem,perturb_step_reorder,control_irrelevant,500,82.14,1.2678068925069229e-19,19,131
Qwen2.5-32B-Instruct,mmlu_stem,perturb_step_reorder,reinject_original,500,1.8333333333333333,0.17573433564422514,39,27
Qwen2.5-32B-Instruct,mmlu_stem,swap,control_irrelevant,500,111.7202380952381,4.1146103055101257e-26,153,15
Qwen2.5-32B-Instruct,mmlu_stem,swap,reinject_original,500,231.70408163265307,2.533475049642445e-52,278,16
Qwen2.5-32B-Instruct,mmlu_stem,control_irrelevant,reinject_original,500,83.12637362637362,7.697185909625461e-20,153,29
Qwen3-8B-Base,gsm8k,removal,perturb_word_shuffle,500,1.152,0.28313087066234666,56,69
Qwen3-8B-Base,gsm8k,removal,perturb_step_reorder,500,64.4235294117647,1.0035255140213886e-15,80,5
Qwen3-8B-Base,gsm8k,removal,swap,500,392.002538071066,3.0333681692326283e-87,0,394
Qwen3-8B-Base,gsm8k,removal,control_irrelevant,500,132.75,1.0254499664337024e-30,29,207
Qwen3-8B-Base,gsm8k,removal,reinject_original,500,82.27173913043478,1.1860590812365141e-19,90,2
Qwen3-8B-Base,gsm8k,perturb_word_shuffle,perturb_step_reorder,500,78.84375,6.722177459067528e-19,92,4
Qwen3-8B-Base,gsm8k,perturb_word_shuffle,swap,500,379.002624671916,2.0516641318506054e-84,0,381
Qwen3-8B-Base,gsm8k,perturb_word_shuffle,control_irrelevant,500,116.43290043290044,3.8209029725620395e-27,33,198
Qwen3-8B-Base,gsm8k,perturb_word_shuffle,reinject_original,500,97.0873786407767,6.633439382977033e-23,102,1
Qwen3-8B-Base,gsm8k,perturb_step_reorder,swap,500,467.00213219616205,1.4392328692513547e-103,0,469
Qwen3-8B-Base,gsm8k,perturb_step_reorder,control_irrelevant,500,243.31034482758622,7.463159760020748e-55,4,257
Qwen3-8B-Base,gsm8k,perturb_step_reorder,reinject_original,500,9.6,0.0019457736937391532,14,1
Qwen3-8B-Base,gsm8k,swap,control_irrelevant,500,214.00462962962962,1.8374156483490823e-48,216,0
Qwen3-8B-Base,gsm8k,swap,reinject_original,500,480.00207468879665,2.1344806538611608e-106,482,0
Qwen3-8B-Base,gsm8k,control_irrelevant,reinject_original,500,258.18014705882354,4.277656283181257e-58,269,3
Qwen3-8B-Base,mmlu_stem,removal,perturb_word_shuffle,500,46.753246753246756,8.05114391452685e-12,69,8
Qwen3-8B-Base,mmlu_stem,removal,perturb_step_reorder,500,75.52136752136752,3.614738729064269e-18,106,11
Qwen3-8B-Base,mmlu_stem,removal,swap,500,33.84375,5.972063885729782e-09,19,77
Qwen3-8B-Base,mmlu_stem,removal,control_irrelevant,500,0.8780487804878049,0.34873666013880517,17,24
Qwen3-8B-Base,mmlu_stem,removal,reinject_original,500,79.37190082644628,5.14527100282769e-19,110,11
Qwen3-8B-Base,mmlu_stem,perturb_word_shuffle,perturb_step_reorder,500,20.942307692307693,4.733246030883413e-06,43,9
Qwen3-8B-Base,mmlu_stem,perturb_word_shuffle,swap,500,104.69172932330827,1.4269543197202144e-24,7,126
Qwen3-8B-Base,mmlu_stem,perturb_word_shuffle,control_irrelevant,500,53.44047619047619,2.665479518955116e-13,8,76
Qwen3-8B-Base,mmlu_stem,perturb_word_shuffle,reinject_original,500,24.446428571428573,7.640501529011894e-07,47,9
Qwen3-8B-Base,mmlu_stem,perturb_step_reorder,swap,500,138.34730538922156,6.118355267798689e-32,7,160
Qwen3-8B-Base,mmlu_stem,perturb_step_reorder,control_irrelevant,500,85.00833333333334,2.9711023506849876e-20,9,111
Qwen3-8B-Base,mmlu_stem,perturb_step_reorder,reinject_original,500,0.5625,0.4532547047537364,10,6
Qwen3-8B-Base,mmlu_stem,swap,control_irrelevant,500,25.252525252525253,5.02936781158471e-07,75,24
Qwen3-8B-Base,mmlu_stem,swap,reinject_original,500,142.31578947368422,8.295311537465207e-33,164,7
Qwen3-8B-Base,mmlu_stem,control_irrelevant,reinject_original,500,90.3688524590164,1.9765332012832247e-21,114,8
Qwen3-8B-Instruct,gsm8k,removal,perturb_word_shuffle,500,1.3617021276595744,0.24324270574265683,19,28
Qwen3-8B-Instruct,gsm8k,removal,perturb_step_reorder,500,16.680851063829788,4.4225162147954126e-05,38,9
Qwen3-8B-Instruct,gsm8k,removal,swap,500,0.972972972972973,0.3239398455985341,15,22
Qwen3-8B-Instruct,gsm8k,removal,control_irrelevant,500,0.038461538461538464,0.84451926747294,12,14
Qwen3-8B-Instruct,gsm8k,removal,reinject_original,500,30.72340425531915,2.9755432552207985e-08,43,4
Qwen3-8B-Instruct,gsm8k,perturb_word_shuffle,perturb_step_reorder,500,27.38,1.6715105790914652e-07,44,6
Qwen3-8B-Instruct,gsm8k,perturb_word_shuffle,swap,500,0.023809523809523808,0.8773705560641434,22,20
Qwen3-8B-Instruct,gsm8k,perturb_word_shuffle,control_irrelevant,500,0.8780487804878049,0.34873666013880517,24,17
Qwen3-8B-Instruct,gsm8k,perturb_word_shuffle,reinject_original,500,39.44642857142857,3.3718385906510113e-10,52,4
Qwen3-8B-Instruct,gsm8k,perturb_step_reorder,swap,500,22.685185185185187,1.9083352345314e-06,9,45
Qwen3-8B-Instruct,gsm8k,perturb_step_reorder,control_irrelevant,500,19.148936170212767,1.2090487054383215e-05,8,39
Qwen3-8B-Instruct,gsm8k,perturb_step_reorder,reinject_original,500,4.5,0.033894853524689274,14,4
Qwen3-8B-Instruct,gsm8k,swap,control_irrelevant,500,0.43243243243243246,0.5107977981738964,21,16
Qwen3-8B-Instruct,gsm8k,swap,reinject_original,500,37.5,9.141298408246597e-10,50,4
Qwen3-8B-Instruct,gsm8k,control_irrelevant,reinject_original,500,34.04255319148936,5.391987215957246e-09,44,3
Qwen3-8B-Instruct,mmlu_stem,removal,perturb_word_shuffle,500,4.040404040404041,0.044423184850006056,39,60
Qwen3-8B-Instruct,mmlu_stem,removal,perturb_step_reorder,500,17.763157894736842,2.5018119029164045e-05,80,34
Qwen3-8B-Instruct,mmlu_stem,removal,swap,500,84.62893081761007,3.5995937292654924e-20,21,138
Qwen3-8B-Instruct,mmlu_stem,removal,control_irrelevant,500,3.9375,0.04722090400357716,45,67
Qwen3-8B-Instruct,mmlu_stem,removal,reinject_original,500,71.62698412698413,2.5997693049987925e-17,111,15
Qwen3-8B-Instruct,mmlu_stem,perturb_word_shuffle,perturb_step_reorder,500,43.12871287128713,5.1254522562297687e-11,84,17
Qwen3-8B-Instruct,mmlu_stem,perturb_word_shuffle,swap,500,60.979729729729726,5.7665501714037225e-15,26,122
Qwen3-8B-Instruct,mmlu_stem,perturb_word_shuffle,control_irrelevant,500,0.0,1.0,57,58
Qwen3-8B-Instruct,mmlu_stem,perturb_word_shuffle,reinject_original,500,91.5374149659864,1.0950205717009902e-21,132,15
Qwen3-8B-Instruct,mmlu_stem,perturb_step_reorder,swap,500,130.56716417910448,3.079348234871241e-30,19,182
Qwen3-8B-Instruct,mmlu_stem,perturb_step_reorder,control_irrelevant,500,33.00735294117647,9.181098920199332e-09,34,102
Qwen3-8B-Instruct,mmlu_stem,perturb_step_reorder,reinject_original,500,35.30882352941177,2.8135449397763703e-09,59,9
Qwen3-8B-Instruct,mmlu_stem,swap,control_irrelevant,500,56.28025477707006,6.284335669500392e-14,126,31
Qwen3-8B-Instruct,mmlu_stem,swap,reinject_original,500,191.25106382978723,1.6953346134629972e-43,224,11
Qwen3-8B-Instruct,mmlu_stem,control_irrelevant,reinject_original,500,91.26,1.2598173090614085e-21,134,16
