right_to_wrong,wrong_to_right,wrong_to_wrong_diff,no_change_correct,no_change_incorrect,model,task,condition,n_valid
54.26829268292683,2.4390243902439024,22.865853658536587,18.36890243902439,2.057926829268293,Gemma-2-27B-Base,gsm8k,control_irrelevant,1312
0.8666666666666667,0.7333333333333333,1.5333333333333334,71.53333333333333,25.333333333333332,Gemma-2-27B-Base,gsm8k,perturb_step_reorder,1500
20.794078061911172,1.4804845222072678,10.565275908479139,51.95154777927322,15.208613728129206,Gemma-2-27B-Base,gsm8k,perturb_word_shuffle,1486
0.4,0.4,1.4,72.0,25.8,Gemma-2-27B-Base,gsm8k,reinject_original,500
49.6,4.2,21.0,22.8,2.4,Gemma-2-27B-Base,gsm8k,removal,500
65.54856743535989,0.8385744234800838,25.43675751222921,7.058001397624039,1.1180992313067786,Gemma-2-27B-Base,gsm8k,swap,1431
14.108740536820372,7.845836200963523,7.157604955264969,57.811424638678595,13.076393668272539,Gemma-2-27B-Base,mmlu_stem,control_irrelevant,1453
5.670446964643095,2.601734489659773,4.0693795863909275,65.7771847898599,21.881254169446297,Gemma-2-27B-Base,mmlu_stem,perturb_step_reorder,1499
8.048289738430583,4.560697518443997,4.82897384305835,63.44735077129443,19.114688128772634,Gemma-2-27B-Base,mmlu_stem,perturb_word_shuffle,1491
4.4,2.8,4.0,67.0,21.8,Gemma-2-27B-Base,mmlu_stem,reinject_original,500
12.424849699398798,7.014028056112225,7.014028056112225,59.11823647294589,14.428857715430862,Gemma-2-27B-Base,mmlu_stem,removal,499
18.490304709141274,7.686980609418282,8.933518005540167,53.393351800554015,11.495844875346261,Gemma-2-27B-Base,mmlu_stem,swap,1444
5.2243804420629605,1.607501674480911,3.348961821835231,85.80040187541861,4.018754186202277,Gemma-2-27B-Instruct,gsm8k,control_irrelevant,1493
7.34982332155477,0.2826855123674912,1.342756183745583,84.31095406360424,6.713780918727915,Gemma-2-27B-Instruct,gsm8k,perturb_step_reorder,1415
4.953145917001339,1.4725568942436413,2.5435073627844713,86.01070950468541,5.020080321285141,Gemma-2-27B-Instruct,gsm8k,perturb_word_shuffle,1494
3.3333333333333335,0.4166666666666667,0.4166666666666667,88.54166666666667,7.291666666666667,Gemma-2-27B-Instruct,gsm8k,reinject_original,480
3.6144578313253013,1.0040160642570282,3.8152610441767068,87.34939759036145,4.216867469879518,Gemma-2-27B-Instruct,gsm8k,removal,498
5.555555555555555,1.606425702811245,3.4805890227576977,85.40829986613119,3.9491298527443104,Gemma-2-27B-Instruct,gsm8k,swap,1494
11.962931760741364,3.7910699241786014,4.549283909014322,61.078348778433025,18.618365627632688,Gemma-2-27B-Instruct,mmlu_stem,control_irrelevant,1187
17.39864864864865,3.800675675675676,4.391891891891892,56.33445945945946,18.074324324324323,Gemma-2-27B-Instruct,mmlu_stem,perturb_step_reorder,1184
10.457516339869281,5.065359477124183,3.5130718954248366,62.5,18.464052287581698,Gemma-2-27B-Instruct,mmlu_stem,perturb_word_shuffle,1224
13.881748071979434,3.5989717223650386,3.0848329048843186,60.66838046272493,18.76606683804627,Gemma-2-27B-Instruct,mmlu_stem,reinject_original,389
11.195928753180661,4.071246819338422,3.5623409669211195,62.086513994910945,19.083969465648856,Gemma-2-27B-Instruct,mmlu_stem,removal,393
14.017857142857142,3.0357142857142856,4.642857142857143,60.17857142857143,18.125,Gemma-2-27B-Instruct,mmlu_stem,swap,1120
40.88235294117647,2.6470588235294117,51.372549019607845,3.5294117647058822,1.5686274509803921,Gemma-7B-Base,gsm8k,control_irrelevant,1020
1.9385026737967914,0.4679144385026738,6.684491978609626,43.783422459893046,47.12566844919786,Gemma-7B-Base,gsm8k,perturb_step_reorder,1496
18.83378016085791,1.742627345844504,26.80965147453083,26.742627345844504,25.871313672922252,Gemma-7B-Base,gsm8k,perturb_word_shuffle,1492
1.4056224899598393,0.40160642570281124,4.216867469879518,44.377510040160644,49.59839357429719,Gemma-7B-Base,gsm8k,reinject_original,498
38.95582329317269,4.819277108433735,46.3855421686747,6.827309236947791,3.0120481927710845,Gemma-7B-Base,gsm8k,removal,498
45.564516129032256,0.9408602150537635,52.486559139784944,0.4032258064516129,0.6048387096774194,Gemma-7B-Base,gsm8k,swap,1488
22.524407252440724,11.087866108786612,15.969316596931659,34.58856345885635,15.829846582984658,Gemma-7B-Base,mmlu_stem,control_irrelevant,1434
5.974202308214529,4.480651731160896,6.1778682959945685,50.84860828241683,32.51866938221317,Gemma-7B-Base,mmlu_stem,perturb_step_reorder,1473
9.530292716133424,7.351940095302927,11.640571817562968,46.97072838665759,24.506466984343092,Gemma-7B-Base,mmlu_stem,perturb_word_shuffle,1469
5.521472392638037,3.2719836400817996,5.521472392638037,51.738241308793455,33.94683026584867,Gemma-7B-Base,mmlu_stem,reinject_original,489
15.212981744421906,10.344827586206897,13.793103448275861,41.58215010141988,19.066937119675455,Gemma-7B-Base,mmlu_stem,removal,493
24.22752808988764,10.674157303370787,17.134831460674157,32.37359550561798,15.589887640449438,Gemma-7B-Base,mmlu_stem,swap,1424
1.4364640883977902,19.337016574585636,76.9060773480663,0.3314917127071823,1.988950276243094,Gemma-7B-Instruct,gsm8k,control_irrelevant,905
0.9398496240601504,15.789473684210526,70.67669172932331,0.4699248120300752,12.12406015037594,Gemma-7B-Instruct,gsm8k,perturb_step_reorder,1064
1.3643659711075442,19.582664526484752,77.12680577849117,0.7223113964686998,1.203852327447833,Gemma-7B-Instruct,gsm8k,perturb_word_shuffle,1246
0.9592326139088729,20.14388489208633,70.74340527577938,0.9592326139088729,7.194244604316546,Gemma-7B-Instruct,gsm8k,reinject_original,417
1.7278617710583153,16.198704103671705,80.77753779697625,0.4319654427645788,0.8639308855291576,Gemma-7B-Instruct,gsm8k,removal,463
1.5763546798029557,15.566502463054187,79.3103448275862,0.39408866995073893,3.1527093596059115,Gemma-7B-Instruct,gsm8k,swap,1015
11.87363834422658,22.54901960784314,20.26143790849673,17.864923747276688,27.45098039215686,Gemma-7B-Instruct,mmlu_stem,control_irrelevant,918
15.996168582375478,17.816091954022987,21.455938697318008,15.708812260536398,29.022988505747126,Gemma-7B-Instruct,mmlu_stem,perturb_step_reorder,1044
10.9375,22.65625,19.010416666666668,19.270833333333332,28.125,Gemma-7B-Instruct,mmlu_stem,perturb_word_shuffle,1152
12.23404255319149,19.148936170212767,18.617021276595743,19.148936170212767,30.851063829787233,Gemma-7B-Instruct,mmlu_stem,reinject_original,376
10.96938775510204,25.0,18.877551020408163,20.153061224489797,25.0,Gemma-7B-Instruct,mmlu_stem,removal,392
13.214620431115277,20.524835988753516,21.74320524835989,17.52577319587629,26.991565135895033,Gemma-7B-Instruct,mmlu_stem,swap,1067
58.81907645722937,1.5897047691143074,19.15215745647237,18.395155185465555,2.043906131718395,Llama-3.1-70B-Base,gsm8k,control_irrelevant,1321
1.0033444816053512,0.6020066889632107,1.6722408026755853,76.5886287625418,20.13377926421405,Llama-3.1-70B-Base,gsm8k,perturb_step_reorder,1495
18.481182795698924,1.3440860215053763,9.206989247311828,59.274193548387096,11.693548387096774,Llama-3.1-70B-Base,gsm8k,perturb_word_shuffle,1488
0.0,0.0,1.0060362173038229,77.66599597585513,21.327967806841045,Llama-3.1-70B-Base,gsm8k,reinject_original,497
48.69739478957916,3.006012024048096,16.63326653306613,28.857715430861724,2.80561122244489,Llama-3.1-70B-Base,gsm8k,removal,499
75.1336898395722,0.20053475935828877,21.4572192513369,2.4732620320855614,0.7352941176470589,Llama-3.1-70B-Base,gsm8k,swap,1496
13.911290322580646,7.862903225806452,7.459677419354839,58.266129032258064,12.5,Llama-3.1-70B-Base,mmlu_stem,control_irrelevant,1488
2.553763440860215,2.0833333333333335,4.233870967741935,69.6236559139785,21.50537634408602,Llama-3.1-70B-Base,mmlu_stem,perturb_step_reorder,1488
6.720430107526882,4.838709677419355,6.989247311827957,65.45698924731182,15.994623655913978,Llama-3.1-70B-Base,mmlu_stem,perturb_word_shuffle,1488
3.0303030303030303,2.4242424242424243,3.6363636363636362,69.29292929292929,21.616161616161616,Llama-3.1-70B-Base,mmlu_stem,reinject_original,495
13.10483870967742,8.266129032258064,7.661290322580645,59.07258064516129,11.89516129032258,Llama-3.1-70B-Base,mmlu_stem,removal,496
18.754277891854894,7.734428473648186,8.761122518822724,53.79876796714579,10.951403148528405,Llama-3.1-70B-Base,mmlu_stem,swap,1461
22.466666666666665,13.8,9.466666666666667,45.53333333333333,8.733333333333333,Llama-3.1-70B-Instruct,gsm8k,control_irrelevant,1500
12.767379679144385,17.8475935828877,5.080213903743315,55.14705882352941,9.157754010695188,Llama-3.1-70B-Instruct,gsm8k,perturb_step_reorder,1496
26.933333333333334,11.866666666666667,9.866666666666667,41.06666666666667,10.266666666666667,Llama-3.1-70B-Instruct,gsm8k,perturb_word_shuffle,1500
3.4136546184738954,23.49397590361446,2.4096385542168677,64.65863453815261,6.024096385542169,Llama-3.1-70B-Instruct,gsm8k,reinject_original,498
23.8,11.6,9.4,44.2,11.0,Llama-3.1-70B-Instruct,gsm8k,removal,500
22.8,14.533333333333333,8.8,45.2,8.666666666666666,Llama-3.1-70B-Instruct,gsm8k,swap,1500
23.288749016522424,3.068450039339103,4.642014162077104,58.143194335169156,10.85759244689221,Llama-3.1-70B-Instruct,mmlu_stem,control_irrelevant,1271
6.990014265335235,2.8530670470756063,2.4964336661911557,73.32382310984308,14.336661911554922,Llama-3.1-70B-Instruct,mmlu_stem,perturb_step_reorder,1402
18.448795180722893,3.6897590361445785,4.894578313253012,61.897590361445786,11.069277108433734,Llama-3.1-70B-Instruct,mmlu_stem,perturb_word_shuffle,1328
3.1578947368421053,2.736842105263158,1.0526315789473684,77.05263157894737,16.0,Llama-3.1-70B-Instruct,mmlu_stem,reinject_original,475
21.103117505995204,3.357314148681055,4.07673860911271,60.431654676258994,11.031175059952039,Llama-3.1-70B-Instruct,mmlu_stem,removal,417
26.97872340425532,3.0638297872340425,4.851063829787234,55.48936170212766,9.617021276595745,Llama-3.1-70B-Instruct,mmlu_stem,swap,1175
48.97959183673469,1.1535048802129548,39.48535936113576,5.501330967169476,4.880212954747116,Llama-3.1-8B-Base,gsm8k,control_irrelevant,1127
1.1591148577449948,0.31612223393045313,3.3719704952581666,54.89989462592202,40.25289778714436,Llama-3.1-8B-Base,gsm8k,perturb_step_reorder,949
19.01565995525727,1.8642803877703207,24.459358687546608,34.675615212527966,19.98508575689784,Llama-3.1-8B-Base,gsm8k,perturb_word_shuffle,1341
0.7220216606498195,0.0,2.1660649819494586,56.67870036101083,40.43321299638989,Llama-3.1-8B-Base,gsm8k,reinject_original,277
45.6,1.6,41.8,8.2,2.8,Llama-3.1-8B-Base,gsm8k,removal,500
53.144940747493166,1.0027347310847767,41.56791248860529,2.552415679124886,1.731996353691887,Llama-3.1-8B-Base,gsm8k,swap,1097
17.208672086720867,13.617886178861788,13.753387533875339,38.68563685636856,16.73441734417344,Llama-3.1-8B-Base,mmlu_stem,control_irrelevant,1476
5.08130081300813,5.013550135501355,5.013550135501355,50.8130081300813,34.078590785907856,Llama-3.1-8B-Base,mmlu_stem,perturb_step_reorder,1476
8.672086720867208,9.417344173441734,9.34959349593496,47.22222222222222,25.338753387533874,Llama-3.1-8B-Base,mmlu_stem,perturb_word_shuffle,1476
3.4552845528455283,3.861788617886179,4.065040650406504,52.4390243902439,36.17886178861789,Llama-3.1-8B-Base,mmlu_stem,reinject_original,492
15.65040650406504,14.43089430894309,11.991869918699187,40.24390243902439,17.682926829268293,Llama-3.1-8B-Base,mmlu_stem,removal,492
19.565217391304348,12.907608695652174,14.53804347826087,36.34510869565217,16.644021739130434,Llama-3.1-8B-Base,mmlu_stem,swap,1472
29.133333333333333,9.0,14.6,40.06666666666667,7.2,Llama-3.1-8B-Instruct,gsm8k,control_irrelevant,1500
34.93333333333333,4.333333333333333,12.866666666666667,34.266666666666666,13.6,Llama-3.1-8B-Instruct,gsm8k,perturb_step_reorder,1500
31.0,6.8,16.533333333333335,38.2,7.466666666666667,Llama-3.1-8B-Instruct,gsm8k,perturb_word_shuffle,1500
30.6,5.0,9.6,38.6,16.2,Llama-3.1-8B-Instruct,gsm8k,reinject_original,500
28.0,8.4,14.4,41.2,8.0,Llama-3.1-8B-Instruct,gsm8k,removal,500
30.533333333333335,8.466666666666667,16.0,38.666666666666664,6.333333333333333,Llama-3.1-8B-Instruct,gsm8k,swap,1500
23.68421052631579,7.483552631578948,9.375,40.70723684210526,18.75,Llama-3.1-8B-Instruct,mmlu_stem,control_irrelevant,1216
9.687261632341723,3.9664378337147217,5.491990846681922,55.1487414187643,25.70556826849733,Llama-3.1-8B-Instruct,mmlu_stem,perturb_step_reorder,1311
19.446704637917005,8.0553295362083,7.8112286411716845,45.32139951179821,19.3653376729048,Llama-3.1-8B-Instruct,mmlu_stem,perturb_word_shuffle,1229
2.6143790849673203,3.7037037037037037,3.0501089324618738,61.43790849673203,29.193899782135077,Llama-3.1-8B-Instruct,mmlu_stem,reinject_original,459
20.145631067961165,7.766990291262136,9.70873786407767,44.1747572815534,18.203883495145632,Llama-3.1-8B-Instruct,mmlu_stem,removal,412
32.19895287958115,6.631762652705061,11.8673647469459,31.588132635253054,17.713787085514834,Llama-3.1-8B-Instruct,mmlu_stem,swap,1146
55.472972972972975,1.2162162162162162,5.0,37.229729729729726,1.0810810810810811,Qwen2.5-32B-Base,gsm8k,control_irrelevant,1480
1.0,1.0,0.13333333333333333,91.6,6.266666666666667,Qwen2.5-32B-Base,gsm8k,perturb_step_reorder,1500
15.666666666666666,1.1333333333333333,1.8,76.93333333333334,4.466666666666667,Qwen2.5-32B-Base,gsm8k,perturb_word_shuffle,1500
0.0,1.2219959266802445,0.0,92.66802443991854,6.109979633401222,Qwen2.5-32B-Base,gsm8k,reinject_original,491
7.0,2.4,2.8,85.6,2.2,Qwen2.5-32B-Base,gsm8k,removal,500
71.67019027484143,0.49330514446793516,6.2015503875969,21.141649048625794,0.49330514446793516,Qwen2.5-32B-Base,gsm8k,swap,1419
21.403752605976372,6.6712995135510775,3.2661570535093816,58.72133425990271,9.937456567060458,Qwen2.5-32B-Base,mmlu_stem,control_irrelevant,1439
1.0774410774410774,0.9427609427609428,0.9427609427609428,79.12457912457913,17.912457912457914,Qwen2.5-32B-Base,mmlu_stem,perturb_step_reorder,1485
4.646464646464646,3.4343434343434343,1.6161616161616161,75.55555555555556,14.747474747474747,Qwen2.5-32B-Base,mmlu_stem,perturb_word_shuffle,1485
0.8080808080808081,0.8080808080808081,0.6060606060606061,79.39393939393939,18.383838383838384,Qwen2.5-32B-Base,mmlu_stem,reinject_original,495
8.88888888888889,7.6767676767676765,2.4242424242424243,71.31313131313131,9.696969696969697,Qwen2.5-32B-Base,mmlu_stem,removal,495
28.954802259887007,6.3559322033898304,4.872881355932203,50.77683615819209,9.03954802259887,Qwen2.5-32B-Base,mmlu_stem,swap,1416
31.266666666666666,12.133333333333333,8.333333333333334,43.333333333333336,4.933333333333334,Qwen2.5-32B-Instruct,gsm8k,control_irrelevant,1500
25.533333333333335,11.866666666666667,6.533333333333333,49.06666666666667,7.0,Qwen2.5-32B-Instruct,gsm8k,perturb_step_reorder,1500
32.6,10.8,8.866666666666667,42.0,5.733333333333333,Qwen2.5-32B-Instruct,gsm8k,perturb_word_shuffle,1500
4.609218436873747,17.034068136272545,3.006012024048096,70.14028056112224,5.210420841683367,Qwen2.5-32B-Instruct,gsm8k,reinject_original,499
34.4,10.8,8.4,40.2,6.2,Qwen2.5-32B-Instruct,gsm8k,removal,500
29.733333333333334,11.866666666666667,8.266666666666667,44.86666666666667,5.266666666666667,Qwen2.5-32B-Instruct,gsm8k,swap,1500
49.5850622406639,2.2821576763485476,4.875518672199171,34.439834024896264,8.817427385892117,Qwen2.5-32B-Instruct,mmlu_stem,control_irrelevant,964
12.88855193328279,1.8953752843062925,1.8953752843062925,70.12888551933283,13.191811978771797,Qwen2.5-32B-Instruct,mmlu_stem,perturb_step_reorder,1319
26.76727561556791,3.097696584590945,2.2239872915011913,56.55281969817315,11.358220810166799,Qwen2.5-32B-Instruct,mmlu_stem,perturb_word_shuffle,1259
6.167400881057269,3.7444933920704844,1.9823788546255507,77.97356828193833,10.13215859030837,Qwen2.5-32B-Instruct,mmlu_stem,reinject_original,454
31.683168316831683,2.722772277227723,3.712871287128713,51.48514851485149,10.396039603960396,Qwen2.5-32B-Instruct,mmlu_stem,removal,404
60.328638497652584,1.408450704225352,7.120500782472614,22.848200312989047,8.294209702660407,Qwen2.5-32B-Instruct,mmlu_stem,swap,1278
59.403254972875224,2.6220614828209765,12.74864376130199,23.779385171790235,1.4466546112115732,Qwen3-8B-Base,gsm8k,control_irrelevant,1106
1.2692050768203074,3.406813627254509,1.3360053440213762,81.89712758851036,12.090848363393453,Qwen3-8B-Base,gsm8k,perturb_step_reorder,1497
18.906144496961513,2.6333558406482105,6.347062795408508,64.07832545577313,8.035111411208643,Qwen3-8B-Base,gsm8k,perturb_word_shuffle,1481
0.20040080160320642,2.6052104208416833,0.6012024048096193,82.96593186372745,13.627254509018035,Qwen3-8B-Base,gsm8k,reinject_original,499
8.216432865731463,7.214428857715431,5.61122244488978,74.9498997995992,4.008016032064128,Qwen3-8B-Base,gsm8k,removal,499
82.31748158070998,0.06697923643670463,16.610850636302747,0.8037508372404555,0.20093770931011387,Qwen3-8B-Base,gsm8k,swap,1493
12.602179836512262,8.787465940054496,5.449591280653951,62.26158038147139,10.899182561307901,Qwen3-8B-Base,mmlu_stem,control_irrelevant,1468
2.0805369127516777,2.0805369127516777,1.4093959731543624,72.21476510067114,22.21476510067114,Qwen3-8B-Base,mmlu_stem,perturb_step_reorder,1490
5.4325955734406435,4.493628437290409,3.2863849765258215,68.81287726358148,17.974513749161638,Qwen3-8B-Base,mmlu_stem,perturb_word_shuffle,1491
2.0242914979757085,1.417004048582996,1.417004048582996,72.67206477732793,22.469635627530366,Qwen3-8B-Base,mmlu_stem,reinject_original,494
11.178861788617887,8.536585365853659,5.284552845528455,63.82113821138211,11.178861788617887,Qwen3-8B-Base,mmlu_stem,removal,492
23.2722143864598,7.616361071932299,8.180535966149506,50.49365303244006,10.437235543018335,Qwen3-8B-Base,mmlu_stem,swap,1418
3.918918918918919,4.256756756756757,2.027027027027027,86.75675675675676,3.0405405405405403,Qwen3-8B-Instruct,gsm8k,control_irrelevant,1480
2.699055330634278,0.8097165991902834,0.8771929824561403,87.98920377867746,7.624831309041835,Qwen3-8B-Instruct,gsm8k,perturb_step_reorder,1482
6.275303643724697,3.1713900134952766,2.42914979757085,84.41295546558705,3.7112010796221324,Qwen3-8B-Instruct,gsm8k,perturb_word_shuffle,1482
0.6072874493927125,0.6072874493927125,0.6072874493927125,90.08097165991903,8.097165991902834,Qwen3-8B-Instruct,gsm8k,reinject_original,494
3.0364372469635628,5.060728744939271,1.6194331983805668,87.65182186234817,2.6315789473684212,Qwen3-8B-Instruct,gsm8k,removal,494
7.827260458839406,3.913630229419703,2.42914979757085,82.86099865047234,2.968960863697706,Qwen3-8B-Instruct,gsm8k,swap,1482
38.15480844409695,3.5183737294761532,7.0367474589523065,44.48788115715403,6.802189210320563,Qwen3-8B-Instruct,mmlu_stem,control_irrelevant,1279
26.691449814126393,1.412639405204461,4.4609665427509295,56.80297397769517,10.631970260223047,Qwen3-8B-Instruct,mmlu_stem,perturb_step_reorder,1345
39.53307392996109,3.11284046692607,6.692607003891051,44.12451361867704,6.536964980544747,Qwen3-8B-Instruct,mmlu_stem,perturb_word_shuffle,1285
16.411378555798688,0.2188183807439825,3.2822757111597376,66.52078774617068,13.566739606126914,Qwen3-8B-Instruct,mmlu_stem,reinject_original,457
36.56174334140436,3.1476997578692494,5.5690072639225185,47.45762711864407,7.263922518159807,Qwen3-8B-Instruct,mmlu_stem,removal,413
58.64350703060381,3.0603804797353185,9.594706368899917,24.648469809760133,4.052936311000827,Qwen3-8B-Instruct,mmlu_stem,swap,1209
